created_at,word
2020-02-24T03:00:12Z,anderson
2020-02-24T03:00:12Z,fucking
2020-02-24T03:00:12Z,cooper
2020-02-24T03:00:12Z,feign
2020-02-24T03:00:12Z,astonishment
2020-02-24T03:00:12Z,pause
2020-02-24T03:00:12Z,dramatically
2020-02-24T03:00:12Z,pay
2020-02-24T03:00:12Z,time
2020-02-24T03:00:12Z,voting
2020-02-24T03:00:12Z,military
2020-02-24T03:00:12Z,budget
2020-02-24T03:00:12Z,fucking
2020-02-24T03:00:12Z,billion
2020-02-24T03:00:12Z,dollar
2020-02-24T03:00:12Z,space
2020-02-24T03:00:12Z,force
2020-02-24T03:00:12Z,60minutes
2020-02-24T03:00:12Z,berniesanders
2020-02-24T03:00:12Z,berniebeatstrump
2020-02-24T02:58:23Z,it’s
2020-02-24T02:58:23Z,ur
2020-02-24T02:58:23Z,fathers
2020-02-24T02:58:23Z,democraticparty
2020-02-24T02:58:23Z,home
2020-02-24T02:58:23Z,moderates
2020-02-24T02:58:23Z,parties
2020-02-24T02:58:23Z,electing
2020-02-24T02:58:23Z,berniesanders
2020-02-24T02:58:23Z,guarantee
2020-02-24T02:58:23Z,trump
2020-02-24T02:58:23Z,win
2020-02-24T02:58:23Z,loss
2020-02-24T02:58:23Z,supremecourt
2020-02-24T02:58:23Z,congress
2020-02-24T02:58:23Z,authorize
2020-02-24T02:58:23Z,free
2020-02-24T02:58:23Z,giveaways
2020-02-24T02:58:23Z,house
2020-02-24T02:58:23Z,flip
2020-02-24T02:58:23Z,2
2020-02-24T02:58:23Z,i’m
2020-02-24T02:58:23Z,explanations
2020-02-24T02:57:12Z,watching
2020-02-24T02:57:12Z,berniesanders
2020-02-24T02:57:12Z,supporters
2020-02-24T02:57:12Z,arguing
2020-02-24T02:57:12Z,tax
2020-02-24T02:57:12Z,brackets
2020-02-24T02:57:12Z,taxationistheft
2020-02-24T02:57:12Z,thefairtax
2020-02-24T02:56:51Z,genuinely
2020-02-24T02:56:51Z,bizarre
2020-02-24T02:56:51Z,everyday
2020-02-24T02:56:51Z,people
2020-02-24T02:56:51Z,express
2020-02-24T02:56:51Z,criticism
2020-02-24T02:56:51Z,hate
2020-02-24T02:56:51Z,berniesanders
2020-02-24T02:56:51Z,worst
2020-02-24T02:56:51Z,reasons
2020-02-24T02:56:51Z,bad
2020-02-24T02:56:51Z,drives
2020-02-24T02:56:51Z,home
2020-02-24T02:56:51Z,engrained
2020-02-24T02:56:51Z,lot
2020-02-24T02:56:51Z,propaganda
2020-02-24T02:56:51Z,bigotry
2020-02-24T02:56:51Z,society
2020-02-24T02:56:39Z,hear
2020-02-24T02:56:39Z,berniesanders
2020-02-24T02:56:39Z,marked
2020-02-24T02:56:39Z,sunday
2020-02-24T02:56:39Z,promising
2020-02-24T02:56:39Z,free
2020-02-24T02:56:39Z,stuff
2020-02-24T02:56:39Z,people
2020-02-24T02:56:39Z,free
2020-02-24T02:56:39Z,comrade
2020-02-24T02:56:39Z,ahahaha
2020-02-24T01:53:37Z,remember
2020-02-24T01:53:37Z,days
2020-02-24T01:53:37Z,discussed
2020-02-24T01:53:37Z,smashing
2020-02-24T01:53:37Z,radicals
2020-02-24T01:53:37Z,grew
2020-02-24T01:53:37Z,babies
2020-02-24T01:53:37Z,progressive
2020-02-24T01:53:37Z,electing
2020-02-24T01:53:37Z,berniesanders
2020-02-24T01:53:37Z,hate
2020-02-24T01:53:37Z,growing
2020-02-24T02:53:28Z,don’t
2020-02-24T02:53:28Z,vote
2020-02-24T02:53:28Z,berniesanders
2020-02-24T02:53:28Z,fascist
2020-02-24T02:53:28Z,elizabethwarren
2020-02-24T02:53:28Z,isn’t
2020-02-24T02:53:28Z,elected
2020-02-24T02:53:28Z,sexist
2020-02-24T02:53:28Z,fuck
2020-02-24T02:53:28Z,electorial
2020-02-24T02:53:28Z,fatalism
2020-02-24T02:53:28Z,shit
2020-02-24T02:53:28Z,4
2020-02-24T02:53:28Z,candidate
2020-02-24T02:53:28Z,don’t
2020-02-24T02:53:28Z,antichrist
2020-02-24T02:53:28Z,omg
2020-02-24T02:53:28Z,focus
2020-02-24T02:53:28Z,beating
2020-02-24T02:53:28Z,oligarchs
2020-02-24T02:27:09Z,punks
2020-02-24T02:27:09Z,voting
2020-02-24T02:27:09Z,bernie
2020-02-24T02:27:09Z,candidate
2020-02-24T02:27:09Z,berniesanders
2020-02-24T02:27:09Z,punksforbernie
2020-02-24T02:49:09Z,dear
2020-02-24T02:49:09Z,berniesanders
2020-02-24T02:49:09Z,fans
2020-02-24T02:49:09Z,hope
2020-02-24T02:49:09Z,hard
2020-02-24T02:49:09Z,change
2020-02-24T02:49:09Z,congress
2020-02-24T02:49:09Z,bc
2020-02-24T02:49:09Z,bernie
2020-02-24T02:49:09Z,elected
2020-02-24T02:49:09Z,agenda
2020-02-24T02:49:09Z,passed
2020-02-24T02:41:46Z,add
2020-02-24T02:41:46Z,bernie
2020-02-24T02:41:46Z,front
2020-02-24T02:41:46Z,runner
2020-02-24T02:41:46Z,trump
2020-02-24T02:41:46Z,win
2020-02-24T02:41:46Z,added
2020-02-24T02:41:46Z,dumbest
2020-02-24T02:41:46Z,fucking
2020-02-24T02:41:46Z,heard
2020-02-24T02:41:46Z,list
2020-02-24T02:41:46Z,berniebeatstrump
2020-02-24T02:41:46Z,berniesanders
2020-02-24T02:41:46Z,bernieismypresident
2020-02-24T02:47:16Z,i’m
2020-02-24T02:47:16Z,50
2020-02-24T02:47:16Z,donation
2020-02-24T02:47:16Z,berniesanders
2020-02-24T02:47:16Z,midnight
2020-02-24T02:47:16Z,surpass
2020-02-24T02:47:16Z,2k
2020-02-24T02:47:16Z,followers
2020-02-24T02:47:16Z,i’ll
2020-02-24T02:47:16Z,75
2020-02-24T02:47:16Z,let’s
2020-02-24T02:47:16Z,grow
2020-02-24T02:47:16Z,revolution
2020-02-24T02:47:16Z,solidarityforever
2020-02-24T02:47:16Z,feelthebern
2020-02-24T02:42:23Z,happened
2020-02-24T02:42:23Z,rang
2020-02-24T02:42:23Z,sales
2020-02-24T02:42:23Z,bell
2020-02-24T02:42:23Z,bernie
2020-02-24T02:42:23Z,strip
2020-02-24T02:42:23Z,club
2020-02-24T02:42:23Z,takes
2020-02-24T02:42:23Z,people
2020-02-24T02:42:23Z,walks
2020-02-24T02:42:23Z,bernieintx
2020-02-24T02:42:23Z,berniesanders
2020-02-24T02:45:49Z,bernie
2020-02-24T02:45:49Z,bros
2020-02-24T02:45:49Z,narrative
2020-02-24T02:45:49Z,cart
2020-02-24T02:45:49Z,horse
2020-02-24T02:45:49Z,bullshit
2020-02-24T02:45:49Z,berniesanders
2020-02-24T02:45:49Z,notmeus
2020-02-24T02:45:49Z,berniebeatstrump
2020-02-24T02:45:49Z,berniebros
2020-02-24T02:45:49Z,bernieorbust
2020-02-24T02:45:49Z,berniewins
2020-02-24T02:45:12Z,honest
2020-02-24T02:45:12Z,berniesanders
2020-02-24T02:45:12Z,nominally
2020-02-24T02:45:12Z,jewish
2020-02-24T02:45:12Z,antisemetic
2020-02-24T02:45:12Z,person
2020-02-24T02:45:12Z,run
2020-02-24T02:45:12Z,president
2020-02-24T02:45:12Z,guess
2020-02-24T02:45:12Z,stalking
2020-02-24T02:45:12Z,horse
2020-02-24T02:45:12Z,ilhan
2020-02-24T02:45:12Z,omar
2020-02-24T02:45:12Z,linda
2020-02-24T02:45:12Z,sarsour
2020-02-24T02:45:12Z,rashida
2020-02-24T02:45:12Z,tliab
2020-02-24T02:45:12Z,cair
2020-02-24T02:45:12Z,defeated
2020-02-24T02:44:18Z,founding
2020-02-24T02:44:18Z,fathers
2020-02-24T02:44:18Z,rolling
2020-02-24T02:44:18Z,graves
2020-02-24T02:44:18Z,berniesanders
2020-02-24T02:44:18Z,supporters
2020-02-24T02:44:18Z,govt
2020-02-24T02:44:18Z,paychecks
2020-02-24T02:44:18Z,pay
2020-02-24T02:44:18Z,m4all
2020-02-24T02:44:18Z,costs
2020-02-24T02:44:18Z,disgusting
2020-02-24T02:44:18Z,taxationistheft
2020-02-24T01:55:59Z,trump
2020-02-24T01:55:59Z,bernie
2020-02-24T01:55:59Z,college
2020-02-24T01:55:59Z,football
2020-02-24T01:55:59Z,teams
2020-02-24T01:55:59Z,bama
2020-02-24T01:55:59Z,don’t
2020-02-24T01:55:59Z,berniesanders
2020-02-24T01:55:59Z,bama
2020-02-24T02:41:31Z,fuck
2020-02-24T02:41:31Z,fidelcastro
2020-02-24T02:41:31Z,fuck
2020-02-24T02:41:31Z,berniesanders
2020-02-24T02:16:27Z,berniesanders
2020-02-24T02:16:27Z,lt
2020-02-24T02:16:27Z,offers
2020-02-24T02:16:27Z,opportunity
2020-02-24T02:16:27Z,raise
2020-02-24T02:16:27Z,america's
2020-02-24T02:16:27Z,standards
2020-02-24T02:16:27Z,enjoyed
2020-02-24T02:16:27Z,civilized
2020-02-24T02:16:27Z,world
2020-02-24T02:16:27Z,gt
2020-02-24T02:16:27Z,conservative
2020-02-24T02:16:27Z,democrats
2020-02-24T02:16:27Z,lt
2020-02-24T02:16:27Z,run
2020-02-24T02:16:27Z,screaming
2020-02-24T02:16:27Z,night
2020-02-24T02:16:27Z,gt
2020-02-24T02:40:50Z,99
2020-02-24T02:40:50Z,voting
2020-02-24T02:40:50Z,bernie
2020-02-24T02:40:50Z,populace
2020-02-24T02:40:50Z,believes
2020-02-24T02:40:50Z,socialist
2020-02-24T02:40:50Z,label
2020-02-24T02:40:50Z,media
2020-02-24T02:40:50Z,white
2020-02-24T02:40:50Z,class
2020-02-24T02:40:50Z,cares
2020-02-24T02:40:50Z,psychological
2020-02-24T02:40:50Z,wages
2020-02-24T02:40:50Z,real
2020-02-24T02:40:50Z,economic
2020-02-24T02:40:50Z,wages
2020-02-24T02:40:50Z,du
2020-02-24T02:40:50Z,bois
2020-02-24T02:40:50Z,berniesanders
2020-02-24T02:40:50Z,biden2020
2020-02-24T02:40:50Z,klobuchar2020
2020-02-24T02:40:50Z,trump2020
2020-02-24T02:40:09Z,wheres
2020-02-24T02:40:09Z,tweet
2020-02-24T02:40:09Z,dangan
2020-02-24T02:40:09Z,ronpa
2020-02-24T02:40:09Z,voice
2020-02-24T02:40:09Z,berniesanders
2020-02-24T02:38:58Z,voting
2020-02-24T02:38:58Z,bernie
2020-02-24T02:38:58Z,sanders
2020-02-24T02:38:58Z,ca
2020-02-24T02:38:58Z,primary
2020-02-24T02:38:58Z,gotta
2020-02-24T02:38:58Z,"1,991"
2020-02-24T02:38:58Z,dems
2020-02-24T02:38:58Z,steal
2020-02-24T02:38:58Z,nomination
2020-02-24T02:38:58Z,bernie2020
2020-02-24T02:38:58Z,berniesanders
2020-02-24T02:38:58Z,berniesquad
2020-02-24T02:38:58Z,feelthebern
2020-02-24T02:38:56Z,advertisers
2020-02-24T02:38:56Z,stop
2020-02-24T02:38:56Z,attempting
2020-02-24T02:38:56Z,normalize
2020-02-24T02:38:56Z,women
2020-02-24T02:38:56Z,hijabs
2020-02-24T02:38:56Z,familyguy
2020-02-24T02:38:56Z,cnn
2020-02-24T02:38:56Z,msnbc
2020-02-24T02:38:56Z,berniesanders
2020-02-24T02:38:37Z,race
2020-02-24T02:38:37Z,blacklivesmatter
2020-02-24T02:38:37Z,feminism
2020-02-24T02:38:37Z,cnn
2020-02-24T02:38:37Z,trump
2020-02-24T02:38:37Z,islam
2020-02-24T02:38:37Z,hillaryclinton
2020-02-24T02:38:37Z,berniesanders
2020-02-24T02:38:37Z,itsoktobewhite
2020-02-24T02:38:37Z,alllivesmatter
2020-02-24T02:36:12Z,i’ve
2020-02-24T02:36:12Z,realize
2020-02-24T02:36:12Z,dem
2020-02-24T02:36:12Z,establishment
2020-02-24T02:36:12Z,don’t
2020-02-24T02:36:12Z,trust
2020-02-24T02:36:12Z,actual
2020-02-24T02:36:12Z,voters
2020-02-24T02:36:12Z,period
2020-02-24T02:36:12Z,berniesanders
2020-02-24T02:36:12Z,berniewonnevada
2020-02-24T02:35:03Z,berniesanders
2020-02-24T02:35:03Z,fundamentally
2020-02-24T02:35:03Z,opposed
2020-02-24T02:35:03Z,united
2020-02-24T02:35:03Z,america
2020-02-24T02:35:03Z,fucking
2020-02-24T02:35:03Z,wake
2020-02-24T02:35:03Z,fuck
2020-02-24T02:33:25Z,tf
2020-02-24T02:33:25Z,bloomberg
2020-02-24T02:33:25Z,warren2020
2020-02-24T02:33:25Z,berniesanders
2020-02-24T02:33:25Z,bloombebo
2020-02-24T02:33:25Z,crap
2020-02-24T02:32:29Z,vote
2020-02-24T02:32:29Z,bernie
2020-02-24T02:32:29Z,vote
2020-02-24T02:32:29Z,socialism
2020-02-24T02:32:29Z,vote
2020-02-24T02:32:29Z,post
2020-02-24T02:32:29Z,war
2020-02-24T02:32:29Z,style
2020-02-24T02:32:29Z,social
2020-02-24T02:32:29Z,democracy
2020-02-24T02:32:29Z,judgement
2020-02-24T02:32:29Z,observation
2020-02-24T02:32:29Z,berniesanders
2020-02-24T02:32:29Z,socialist
2020-02-24T02:30:10Z,claims
2020-02-24T02:30:10Z,bernie
2020-02-24T02:30:10Z,win
2020-02-24T02:30:10Z,election
2020-02-24T02:30:10Z,false
2020-02-24T02:30:10Z,trump
2020-02-24T02:30:10Z,won
2020-02-24T02:30:10Z,justly
2020-02-24T02:30:10Z,bcause
2020-02-24T02:30:10Z,faced
2020-02-24T02:30:10Z,purely
2020-02-24T02:30:10Z,establishment
2020-02-24T02:30:10Z,candidate
2020-02-24T02:30:10Z,dems
2020-02-24T02:30:10Z,anti
2020-02-24T02:30:10Z,establishment
2020-02-24T02:30:10Z,grass
2020-02-24T02:30:10Z,roots
2020-02-24T02:30:10Z,communities
2020-02-24T02:30:10Z,support
2020-02-24T02:30:10Z,trump
2020-02-24T02:30:10Z,berniesanders
2020-02-24T01:46:52Z,nevadacaucus
2020-02-24T01:46:52Z,nevada
2020-02-24T01:46:52Z,nevadacaucus2020
2020-02-24T01:46:52Z,nevadacaucuses
2020-02-24T01:46:52Z,bernie2020
2020-02-24T01:46:52Z,berniebeatstrump
2020-02-24T01:46:52Z,berniesanders
2020-02-24T01:46:52Z,bernie
2020-02-24T01:46:52Z,berniewonnv
2020-02-24T01:46:52Z,berniewon
2020-02-24T01:46:52Z,notmeus
2020-02-24T01:54:24Z,1st
2020-02-24T01:54:24Z,south
2020-02-24T01:54:24Z,carolina
2020-02-24T01:54:24Z,prediction
2020-02-24T01:54:24Z,1
2020-02-24T01:54:24Z,biden
2020-02-24T01:54:24Z,31
2020-02-24T01:54:24Z,2
2020-02-24T01:54:24Z,sanders
2020-02-24T01:54:24Z,28
2020-02-24T01:54:24Z,3
2020-02-24T01:54:24Z,steyer
2020-02-24T01:54:24Z,17
2020-02-24T01:54:24Z,4
2020-02-24T01:54:24Z,buttigieg
2020-02-24T01:54:24Z,10
2020-02-24T01:54:24Z,5
2020-02-24T01:54:24Z,warren
2020-02-24T01:54:24Z,9
2020-02-24T01:54:24Z,6
2020-02-24T01:54:24Z,klobuchar
2020-02-24T01:54:24Z,3
2020-02-24T01:54:24Z,7
2020-02-24T01:54:24Z,gabbard
2020-02-24T01:54:24Z,1
2020-02-24T01:54:24Z,8
2020-02-24T01:54:24Z,1
2020-02-24T01:54:24Z,9
2020-02-24T01:54:24Z,uncommitted
2020-02-24T01:54:24Z,0
2020-02-24T01:54:24Z,southcarolina
2020-02-24T01:54:24Z,southcarolinaforbernie
2020-02-24T01:54:24Z,bernie2020
2020-02-24T01:54:24Z,berniebeatstrump
2020-02-24T01:54:24Z,berniesanders
2020-02-24T01:54:24Z,bernieismypresident
2020-02-24T01:54:24Z,notmeus
2020-02-24T02:28:05Z,berniesanders
2020-02-24T02:28:05Z,shit
2020-02-24T02:25:46Z,berniesanders
2020-02-24T02:25:46Z,hellbent
2020-02-24T02:25:46Z,destroying
2020-02-24T02:25:46Z,america
2020-02-24T02:25:46Z,founded
2020-02-24T02:25:46Z,people
2020-02-24T02:25:46Z,supporting
2020-02-24T02:25:46Z,guy
2020-02-24T02:25:46Z,socialism
2020-02-24T02:25:46Z,fundamentally
2020-02-24T02:25:46Z,destructive
2020-02-24T02:25:46Z,60minutes
2020-02-24T02:25:22Z,berniesanders
2020-02-24T02:25:22Z,modern
2020-02-24T02:25:22Z,day
2020-02-24T02:25:22Z,real
2020-02-24T02:25:22Z,life
2020-02-24T02:25:22Z,captainamerica
2020-02-24T02:25:22Z,reasons
2020-02-24T02:25:22Z,voting
2020-02-24T02:25:22Z,berniesanders
2020-02-24T02:25:22Z,primary
2020-02-24T02:23:01Z,berniesanders
2020-02-24T02:23:01Z,donaldtrump
2020-02-24T02:23:01Z,calitalism
2020-02-24T02:23:01Z,communism
2020-02-24T02:23:01Z,socialism
2020-02-24T02:23:01Z,suffer
2020-02-24T02:23:01Z,trump
2020-02-24T02:23:01Z,sanders
2020-02-24T02:23:01Z,derangement
2020-02-24T02:23:01Z,syndrome
2020-02-24T02:23:01Z,populist
2020-02-24T02:23:01Z,fights
2020-02-24T02:23:01Z,establishment
2020-02-24T02:23:01Z,people
2020-02-24T02:22:50Z,people
2020-02-24T02:22:50Z,realize
2020-02-24T02:22:50Z,life
2020-02-24T02:22:50Z,life
2020-02-24T02:22:50Z,liberty
2020-02-24T02:22:50Z,pursuit
2020-02-24T02:22:50Z,happiness
2020-02-24T02:22:50Z,healthcare
2020-02-24T02:22:50Z,shelter
2020-02-24T02:22:50Z,food
2020-02-24T02:22:50Z,notmeus
2020-02-24T02:22:50Z,berniesanders
2020-02-24T02:22:21Z,bernie
2020-02-24T02:22:21Z,sanders
2020-02-24T02:22:21Z,illegal
2020-02-24T02:22:21Z,immigrants
2020-02-24T02:22:21Z,entitled
2020-02-24T02:22:21Z,government
2020-02-24T02:22:21Z,benefits
2020-02-24T02:22:21Z,citizens
2020-02-24T02:22:21Z,question
2020-02-24T02:22:21Z,pops
2020-02-24T02:22:21Z,pays
2020-02-24T02:22:21Z,wtf
2020-02-24T02:22:21Z,berniesanders
2020-02-24T02:22:07Z,voting
2020-02-24T02:22:07Z,berniesanders
2020-02-24T02:22:07Z,world
2020-02-24T02:22:07Z,poor
2020-02-24T02:22:07Z,doctor
2020-02-24T02:22:07Z,people
2020-02-24T02:22:07Z,bankrupt
2020-02-24T02:22:07Z,happened
2020-02-24T02:22:07Z,diagnosed
2020-02-24T02:22:07Z,cancer
2020-02-24T02:22:07Z,time
2020-02-24T02:22:07Z,single
2020-02-24T02:22:07Z,payer
2020-02-24T02:22:07Z,medicareforall
2020-02-24T02:21:42Z,berniesanders
2020-02-24T02:21:42Z,hate
2020-02-24T02:21:42Z,reaching
2020-02-24T02:21:42Z,fever
2020-02-24T02:21:42Z,pitch
2020-02-24T01:35:48Z,bernie
2020-02-24T01:35:48Z,promising
2020-02-24T01:35:48Z,free
2020-02-24T01:35:48Z,chicken
2020-02-24T01:35:48Z,pot
2020-02-24T01:35:48Z,don’t
2020-02-24T01:35:48Z,fall
2020-02-24T01:35:48Z,fellow
2020-02-24T01:35:48Z,democrats
2020-02-24T01:35:48Z,vote
2020-02-24T01:35:48Z,bernie
2020-02-24T01:35:48Z,owns
2020-02-24T01:35:48Z,3
2020-02-24T01:35:48Z,homes
2020-02-24T01:35:48Z,berniesanders
2020-02-24T01:35:48Z,southcarolinaprimary
2020-02-24T01:35:48Z,democraticprimary
2020-02-24T02:21:06Z,mike
2020-02-24T02:21:06Z,bloomberg
2020-02-24T02:21:06Z,racist
2020-02-24T02:21:06Z,women
2020-02-24T02:21:06Z,berniesanders
2020-02-24T02:21:06Z,berniewon
2020-02-24T02:21:04Z,berniesanders
2020-02-24T02:21:04Z,promising
2020-02-24T02:21:04Z,1
2020-02-24T02:21:04Z,pay
2020-02-24T02:21:04Z,fer
2020-02-24T02:21:04Z,medicare4all
2020-02-24T02:21:04Z,eerily
2020-02-24T02:21:04Z,similar
2020-02-24T02:21:04Z,trump
2020-02-24T02:21:04Z,mexico
2020-02-24T02:21:04Z,pay
2020-02-24T02:21:04Z,fer
2020-02-24T02:21:04Z,stupid
2020-02-24T02:21:04Z,wall
2020-02-24T02:21:04Z,60minutes
2020-02-24T02:20:02Z,mom
2020-02-24T02:20:02Z,political
2020-02-24T02:20:02Z,apathetic
2020-02-24T02:20:02Z,brother
2020-02-24T02:20:02Z,vote
2020-02-24T02:20:02Z,bernie
2020-02-24T02:20:02Z,march
2020-02-24T02:20:02Z,3
2020-02-24T02:20:02Z,visit
2020-02-24T02:20:02Z,anymore
2020-02-24T02:20:02Z,proud
2020-02-24T02:20:02Z,mom
2020-02-24T02:20:02Z,berniesanders
2020-02-24T02:20:02Z,democraticsocialism
2020-02-24T02:19:26Z,berniesanders
2020-02-24T02:19:26Z,appeals
2020-02-24T02:19:26Z,folks
2020-02-24T02:19:26Z,bloomberg
2020-02-24T02:19:26Z,promises
2020-02-24T02:19:26Z,base
2020-02-24T02:19:26Z,free
2020-02-24T02:19:26Z,superbiggulps
2020-02-24T02:19:26Z,bloomberg's
2020-02-24T02:19:26Z,16
2020-02-24T02:19:26Z,ounces
2020-02-24T02:19:26Z,votes
2020-02-24T02:19:26Z,change
2020-02-24T02:19:26Z,stance
2020-02-24T02:19:26Z,biggysizeit
2020-02-24T02:17:09Z,close
2020-02-24T02:17:09Z,february
2020-02-24T02:17:09Z,28415
2020-02-24T02:17:09Z,djia
2020-02-24T02:17:09Z,confirm
2020-02-24T02:17:09Z,correction
2020-02-24T02:17:09Z,hand
2020-02-24T02:17:09Z,repocrisis
2020-02-24T02:17:09Z,coronavirus
2020-02-24T02:17:09Z,berniesanders
2020-02-24T02:17:09Z,spx
2020-02-24T02:17:09Z,qqq
2020-02-24T02:17:09Z,markets
2020-02-24T02:17:09Z,stockmarkets
2020-02-24T02:17:09Z,charts
2020-02-24T02:16:20Z,_donaldson
2020-02-24T02:16:20Z,new_proletarian
2020-02-24T02:16:20Z,berniesanders
2020-02-24T02:16:20Z,travel
2020-02-24T02:16:20Z,learn
2020-02-24T02:16:20Z,mjamesom4
2020-02-24T02:16:20Z,berniesanders
2020-02-24T02:16:20Z,australia
2020-02-24T02:16:20Z,canada
2020-02-24T02:16:20Z,mike
2020-02-24T02:16:20Z,read
2020-02-24T02:16:20Z,book
2020-02-24T01:58:34Z,chris
2020-02-24T01:58:34Z,matthews
2020-02-24T01:58:34Z,fired
2020-02-24T01:58:34Z,type
2020-02-24T01:58:34Z,contentious
2020-02-24T01:58:34Z,speech
2020-02-24T01:58:34Z,dividing
2020-02-24T01:58:34Z,leave
2020-02-24T01:58:34Z,bullshit
2020-02-24T01:58:34Z,fox
2020-02-24T01:58:34Z,you’re
2020-02-24T01:58:34Z,fucking
2020-02-24T01:58:34Z,berniesanders
2020-02-24T01:58:34Z,berniewon
2020-02-24T02:14:52Z,berniesanders
2020-02-24T02:14:52Z,proves
2020-02-24T02:14:52Z,stereotype
2020-02-24T02:14:52Z,correct
2020-02-24T02:14:52Z,successful
2020-02-24T02:14:52Z,socialist
2020-02-24T02:14:52Z,time
2020-02-24T02:11:35Z,60minutes
2020-02-24T02:11:35Z,bernie
2020-02-24T02:11:35Z,sanders
2020-02-24T02:11:35Z,castro
2020-02-24T02:11:35Z,regime
2020-02-24T02:11:35Z,cuba
2020-02-24T02:11:35Z,wtf
2020-02-24T02:11:35Z,berniesanders
2020-02-24T02:11:35Z,supporters
2020-02-24T02:11:35Z,trumplandslidevictory2020
2020-02-24T02:11:35Z,liberalismisamentaldisorder
2020-02-24T02:11:34Z,met
2020-02-24T02:11:34Z,amazing
2020-02-24T02:11:34Z,people
2020-02-24T02:11:34Z,tonight
2020-02-24T02:11:34Z,bit
2020-02-24T02:11:34Z,shy
2020-02-24T02:11:34Z,"13,000"
2020-02-24T02:11:34Z,austin
2020-02-24T02:11:34Z,tx
2020-02-24T02:11:34Z,support
2020-02-24T02:11:34Z,berniesanders
2020-02-24T02:11:34Z,texasforbernie
2020-02-24T02:11:34Z,ilikebernie
2020-02-24T02:09:39Z,bernie
2020-02-24T02:09:39Z,realize
2020-02-24T02:09:39Z,wins
2020-02-24T02:09:39Z,election
2020-02-24T02:09:39Z,he’ll
2020-02-24T02:09:39Z,berniesanders
2020-02-24T02:09:31Z,literally
2020-02-24T02:09:31Z,single
2020-02-24T02:09:31Z,person
2020-02-24T02:09:31Z,believes
2020-02-24T02:09:31Z,berniesanders
2020-02-24T02:09:31Z,unelectable
2020-02-24T02:09:31Z,believed
2020-02-24T02:09:31Z,donaldtrump
2020-02-24T02:09:31Z,2016
2020-02-24T02:09:31Z,notmeus
2020-02-24T02:09:25Z,super
2020-02-24T02:09:25Z,tuesday
2020-02-24T02:09:25Z,vote
2020-02-24T02:09:25Z,berniesanders
2020-02-24T02:09:25Z,pathway
2020-02-24T02:09:25Z,defeating
2020-02-24T02:09:25Z,trump
2020-02-24T02:09:25Z,voting
2020-02-24T02:09:25Z,massachusetts
2020-02-24T02:09:25Z,tomorrow
2020-02-24T02:09:25Z,friday
2020-02-24T02:09:25Z,vote
2020-02-24T02:09:25Z,exercise
2020-02-24T02:08:35Z,fan
2020-02-24T02:08:35Z,berniesanders
2020-02-24T02:08:35Z,panicking
2020-02-24T02:08:35Z,media
2020-02-24T02:08:35Z,democrats
2020-02-24T02:08:35Z,ready
2020-02-24T02:08:35Z,vote
2020-02-24T02:08:35Z,primaries
2020-02-24T02:08:35Z,corporate
2020-02-24T02:08:35Z,media
2020-02-24T02:08:35Z,2016
2020-02-24T02:08:35Z,bernie
2020-02-24T02:08:35Z,trailing
2020-02-24T02:08:35Z,hillary
2020-02-24T02:08:35Z,clinton
2020-02-24T02:08:35Z,average
2020-02-24T02:08:35Z,21.4
2020-02-24T02:08:35Z,michigan
2020-02-24T02:08:35Z,won
2020-02-24T02:01:19Z,60minutes
2020-02-24T02:01:19Z,fdr
2020-02-24T02:01:19Z,real
2020-02-24T02:01:19Z,entire
2020-02-24T02:01:19Z,country
2020-02-24T02:01:19Z,free
2020-02-24T02:01:19Z,fall
2020-02-24T02:01:19Z,choice
2020-02-24T02:01:19Z,term
2020-02-24T02:01:19Z,president
2020-02-24T02:01:19Z,generation
2020-02-24T02:01:19Z,rolled
2020-02-24T02:01:19Z,dice
2020-02-24T02:01:19Z,won
2020-02-24T02:01:19Z,berniewon
2020-02-24T02:01:19Z,berniesanders
2020-02-24T01:53:40Z,berniesanders
2020-02-24T01:53:40Z,bread
2020-02-24T01:53:40Z,lines
2020-02-24T01:53:40Z,communist
2020-02-24T01:53:40Z,countries
2020-02-24T01:53:40Z,sign
2020-02-24T01:53:40Z,success
2020-02-24T01:53:40Z,it’s
2020-02-24T01:53:40Z,funny
2020-02-24T01:53:40Z,american
2020-02-24T01:53:40Z,journalists
2020-02-24T01:53:40Z,talk
2020-02-24T01:53:40Z,bad
2020-02-24T01:53:40Z,country
2020-02-24T01:53:40Z,people
2020-02-24T01:53:40Z,lining
2020-02-24T01:53:40Z,food
2020-02-24T01:51:34Z,berniesanders
2020-02-24T01:51:34Z,la
2020-02-24T01:51:34Z,times
2020-02-24T01:51:34Z,handful
2020-02-24T01:51:34Z,people
2020-02-24T01:51:34Z,country
2020-02-24T01:51:34Z,decisions
2020-02-24T01:51:34Z,whipping
2020-02-24T01:51:34Z,cold
2020-02-24T01:51:34Z,war
2020-02-24T01:51:34Z,hysteria
2020-02-24T01:51:34Z,hate
2020-02-24T01:51:34Z,russians
2020-02-24T01:51:34Z,we’re
2020-02-24T01:51:34Z,spending
2020-02-24T01:51:34Z,billions
2020-02-24T01:51:34Z,military
2020-02-24T01:51:34Z,can’t
2020-02-24T01:51:34Z,money
2020-02-24T01:51:34Z,pay
2020-02-24T01:51:34Z,thousands
2020-02-24T01:51:34Z,u.s
2020-02-24T01:51:34Z,children
2020-02-24T01:51:34Z,soviet
2020-02-24T01:51:34Z,union
2020-02-24T01:46:11Z,berniesanders
2020-02-24T01:46:11Z,property
2020-02-24T01:46:11Z,taxes
2020-02-24T01:46:11Z,regressive
2020-02-24T01:46:11Z,based
2020-02-24T01:46:11Z,ability
2020-02-24T01:46:11Z,pay
2020-02-24T01:46:11Z,boasted
2020-02-24T01:46:11Z,held
2020-02-24T01:46:11Z,additional
2020-02-24T01:46:11Z,property
2020-02-24T01:46:11Z,tax
2020-02-24T01:46:11Z,mayor
2020-02-24T01:46:11Z,city
2020-02-24T01:46:11Z,implemented
2020-02-24T01:46:11Z,taxes
2020-02-24T01:46:11Z,meals
2020-02-24T01:46:11Z,hotel
2020-02-24T01:46:11Z,raised
2020-02-24T01:46:11Z,commercial
2020-02-24T01:46:11Z,industrial
2020-02-24T01:46:11Z,property
2020-02-24T01:46:11Z,taxes
2020-02-24T01:46:11Z,taxed
2020-02-24T01:46:11Z,cable
2020-02-24T01:46:11Z,tv
2020-02-24T01:49:00Z,berniesanders
2020-02-24T01:49:00Z,russian
2020-02-24T01:49:00Z,operative
2020-02-24T01:49:00Z,mayor
2020-02-24T01:49:00Z,sanders
2020-02-24T01:49:00Z,pursue
2020-02-24T01:49:00Z,foreign
2020-02-24T01:49:00Z,policy
2020-02-24T01:49:00Z,1985
2020-02-24T01:49:00Z,lamented
2020-02-24T01:49:00Z,americans
2020-02-24T01:49:00Z,unfairly
2020-02-24T01:49:00Z,unreasonably
2020-02-24T01:49:00Z,hostile
2020-02-24T01:49:00Z,soviet
2020-02-24T01:49:00Z,union
2020-02-24T01:49:00Z,telling
2020-02-24T01:49:00Z,los
2020-02-24T01:49:00Z,angeles
2020-02-24T01:49:00Z,times
2020-02-24T01:56:32Z,berniesanders
2020-02-24T01:56:32Z,infamous
2020-02-24T01:56:32Z,essays
2020-02-24T01:56:32Z,freeman
2020-02-24T01:56:32Z,sanders
2020-02-24T01:56:32Z,wrote
2020-02-24T01:56:32Z,1969
2020-02-24T01:56:32Z,manner
2020-02-24T01:56:32Z,bring
2020-02-24T01:56:32Z,daughter
2020-02-24T01:56:32Z,regard
2020-02-24T01:56:32Z,sexual
2020-02-24T01:56:32Z,attitudes
2020-02-24T01:56:32Z,determine
2020-02-24T01:56:32Z,develop
2020-02-24T01:56:32Z,breast
2020-02-24T01:56:32Z,cancer
2020-02-24T01:43:33Z,berniesanders
2020-02-24T01:43:33Z,held
2020-02-24T01:43:33Z,job
2020-02-24T01:43:33Z,entire
2020-02-24T01:43:33Z,life
2020-02-24T01:43:33Z,hates
2020-02-24T01:43:33Z,capitalism
2020-02-24T01:43:33Z,multi
2020-02-24T01:43:33Z,millionaire
2020-02-24T01:43:33Z,owns
2020-02-24T01:43:33Z,3
2020-02-24T01:43:33Z,homes
2020-02-24T01:43:33Z,climate
2020-02-24T01:43:33Z,change
2020-02-24T01:43:33Z,extremely
2020-02-24T01:43:33Z,matter
2020-02-24T01:43:33Z,flies
2020-02-24T01:43:33Z,private
2020-02-24T01:43:33Z,jets
2020-02-24T01:58:16Z,путин
2020-02-24T01:58:16Z,пожалуйста
2020-02-24T01:58:16Z,помогите
2020-02-24T01:58:16Z,берни
2020-02-24T01:58:16Z,победить
2020-02-24T01:58:16Z,на
2020-02-24T01:58:16Z,выборах
2020-02-24T01:58:16Z,berniesanders
2020-02-24T01:58:16Z,feelthebern
2020-02-24T01:57:54Z,marianne
2020-02-24T01:57:54Z,williamson
2020-02-24T01:57:54Z,endorsement
2020-02-24T01:57:54Z,shake
2020-02-24T01:57:54Z,crazy
2020-02-24T01:57:54Z,bernie
2020-02-24T01:57:54Z,moniker
2020-02-24T01:57:54Z,democrats2020
2020-02-24T01:57:54Z,berniesanders
2020-02-24T01:57:26Z,democrats
2020-02-24T01:57:26Z,read
2020-02-24T01:57:26Z,animal
2020-02-24T01:57:26Z,farm
2020-02-24T01:57:26Z,primary
2020-02-24T01:57:26Z,assholes
2020-02-24T01:57:26Z,despise
2020-02-24T01:57:26Z,maga
2020-02-24T01:57:26Z,democrats
2020-02-24T01:57:26Z,berniebros
2020-02-24T01:57:26Z,berniesanders
2020-02-24T01:57:00Z,time
2020-02-24T01:57:00Z,hate
2020-02-24T01:57:00Z,misinformation
2020-02-24T01:57:00Z,bernie
2020-02-24T01:57:00Z,sanders
2020-02-24T01:57:00Z,compels
2020-02-24T01:57:00Z,text
2020-02-24T01:57:00Z,knock
2020-02-24T01:57:00Z,door
2020-02-24T01:57:00Z,send
2020-02-24T01:57:00Z,dollar
2020-02-24T01:57:00Z,coming
2020-02-24T01:57:00Z,treats
2020-02-24T01:57:00Z,sustain
2020-02-24T01:57:00Z,win
2020-02-24T01:57:00Z,berniewon
2020-02-24T01:57:00Z,berniesanders
2020-02-24T01:57:00Z,notmeus
2020-02-24T01:57:00Z,berniebeatstrump
2020-02-24T01:56:31Z,it’s
2020-02-24T01:56:31Z,frightening
2020-02-24T01:56:31Z,fate
2020-02-24T01:56:31Z,presidency
2020-02-24T01:56:31Z,hands
2020-02-24T01:56:31Z,socialist
2020-02-24T01:56:31Z,barely
2020-02-24T01:56:31Z,legal
2020-02-24T01:56:31Z,teenagers
2020-02-24T01:56:31Z,experiencematters
2020-02-24T01:56:31Z,60minutes
2020-02-24T01:56:31Z,berniesanders
2020-02-24T01:56:31Z,election
2020-02-24T01:54:17Z,world's
2020-02-24T01:54:17Z,biggest
2020-02-24T01:54:17Z,berniesanders
2020-02-24T01:54:17Z,fan
2020-02-24T01:54:17Z,goddamned
2020-02-24T01:54:17Z,gonna
2020-02-24T01:54:17Z,lectured
2020-02-24T01:54:17Z,asswipes
2020-02-24T01:54:17Z,supported
2020-02-24T01:54:17Z,stand
2020-02-24T01:54:17Z,trump's
2020-02-24T01:54:17Z,rudeness
2020-02-24T01:53:12Z,bernie
2020-02-24T01:53:12Z,sanders
2020-02-24T01:53:12Z,ethereal
2020-02-24T01:53:12Z,realm
2020-02-24T01:53:12Z,locked
2020-02-24T01:53:12Z,marianne
2020-02-24T01:53:12Z,williamson's
2020-02-24T01:53:12Z,endorsement
2020-02-24T01:53:12Z,play
2020-02-24T01:53:12Z,south
2020-02-24T01:53:12Z,carolina
2020-02-24T01:53:12Z,dimension
2020-02-24T01:53:12Z,berniesanders
2020-02-24T01:51:25Z,chrismatthews
2020-02-24T01:51:25Z,lost
2020-02-24T01:51:25Z,mind
2020-02-24T01:51:25Z,time
2020-02-24T01:51:25Z,retire
2020-02-24T01:51:25Z,berniesanders
2020-02-24T01:48:35Z,berniesanders
2020-02-24T01:48:35Z,trump
2020-02-24T01:48:35Z,2.0
2020-02-24T01:47:59Z,sad
2020-02-24T01:47:59Z,republicans
2020-02-24T01:47:59Z,vote
2020-02-24T01:47:59Z,bernie
2020-02-24T01:47:59Z,reconsider
2020-02-24T01:47:59Z,options
2020-02-24T01:47:59Z,notmeus
2020-02-24T01:47:59Z,berniewon
2020-02-24T01:47:59Z,berniesanders
2020-02-24T01:45:34Z,bernie
2020-02-24T01:45:34Z,he’ll
2020-02-24T01:45:34Z,fund
2020-02-24T01:45:34Z,m4a
2020-02-24T01:45:34Z,welfare
2020-02-24T01:45:34Z,programs
2020-02-24T01:45:34Z,taxing
2020-02-24T01:45:34Z,billionaires
2020-02-24T01:45:34Z,billionaires
2020-02-24T01:45:34Z,shouldn’t
2020-02-24T01:45:34Z,exist
2020-02-24T01:45:34Z,lol
2020-02-24T01:45:34Z,bernie
2020-02-24T01:45:34Z,berniesanders
2020-02-24T01:43:46Z,senator
2020-02-24T01:43:46Z,bernie
2020-02-24T01:43:46Z,sanders
2020-02-24T01:43:46Z,austin
2020-02-24T01:43:46Z,texas
2020-02-24T01:43:46Z,berniesanders
2020-02-24T01:43:46Z,unidosconsanders
2020-02-24T01:43:08Z,berniesanders
2020-02-24T01:43:08Z,bernie
2020-02-24T01:43:08Z,claiming
2020-02-24T01:43:08Z,mexico
2020-02-24T01:43:08Z,pay
2020-02-24T01:43:08Z,m4a
2020-02-24T01:43:08Z,scam
2020-02-24T01:43:08Z,neverbernie
2020-02-24T01:42:40Z,aye
2020-02-24T01:42:40Z,berniesanders
2020-02-24T01:42:40Z,stop
2020-02-24T01:42:40Z,texting
2020-02-24T01:42:40Z,bruh
2020-02-24T01:41:37Z,aren’t
2020-02-24T01:41:37Z,bernie
2020-02-24T01:41:37Z,sanders
2020-02-24T01:41:37Z,allowing
2020-02-24T01:41:37Z,brainwashed
2020-02-24T01:41:37Z,media
2020-02-24T01:41:37Z,vote
2020-02-24T01:41:37Z,blue
2020-02-24T01:41:37Z,matter
2020-02-24T01:41:37Z,mindset
2020-02-24T01:41:37Z,vote
2020-02-24T01:41:37Z,berniesanders
2020-02-24T01:41:37Z,care
2020-02-24T01:41:37Z,voted
2020-02-24T01:39:05Z,donaldtrump
2020-02-24T01:39:05Z,destroyed
2020-02-24T01:39:05Z,gop
2020-02-24T01:39:05Z,berniesanders
2020-02-24T01:39:05Z,destroy
2020-02-24T01:39:05Z,democraticparty
2020-02-24T01:39:05Z,wait
2020-02-24T01:30:02Z,2021
2020-02-24T01:30:02Z,forecast
2020-02-24T01:30:02Z,berniesanders
2020-02-24T01:30:02Z,potus
2020-02-24T01:30:02Z,46
2020-02-24T01:30:02Z,warren
2020-02-24T01:30:02Z,vp
2020-02-24T01:30:02Z,biden
2020-02-24T01:30:02Z,retired
2020-02-24T01:30:02Z,yang
2020-02-24T01:30:02Z,sec
2020-02-24T01:30:02Z,education
2020-02-24T01:30:02Z,buttigieg
2020-02-24T01:30:02Z,msnbc
2020-02-24T01:30:02Z,contributor
2020-02-24T01:30:02Z,steyer
2020-02-24T01:30:02Z,sec
2020-02-24T01:30:02Z,energy
2020-02-24T01:30:02Z,klobuchar
2020-02-24T01:30:02Z,senator
2020-02-24T01:30:02Z,bloomberg
2020-02-24T01:30:02Z,republican
2020-02-24T01:30:02Z,rogerstone
2020-02-24T01:30:02Z,pardoned
2020-02-24T01:30:02Z,trump
2020-02-24T01:30:02Z,termed
2020-02-24T01:30:02Z,america
2020-02-24T01:30:02Z,united
2020-02-24T01:27:45Z,told
2020-02-24T01:27:45Z,bernie
2020-02-24T01:27:45Z,win
2020-02-24T01:27:45Z,texas
2020-02-24T01:27:45Z,wasting
2020-02-24T01:27:45Z,time
2020-02-24T01:27:45Z,speaks
2020-02-24T01:27:45Z,texans
2020-02-24T01:27:45Z,he’s
2020-02-24T01:27:45Z,push
2020-02-24T01:27:45Z,moderate
2020-02-24T01:27:45Z,democrat
2020-02-24T01:27:45Z,texas
2020-02-24T01:27:45Z,berniesanders
2020-02-24T01:27:45Z,trumpwins48states
2020-02-24T01:25:58Z,voting
2020-02-24T01:25:58Z,berniesanders
2020-02-24T01:25:58Z,washington
2020-02-24T01:25:58Z,primary
2020-02-24T01:25:58Z,hesitation
2020-02-24T01:25:58Z,votes
2020-02-24T01:25:58Z,weeks
2020-02-24T01:25:58Z,super
2020-02-24T01:25:58Z,tuesday
2020-02-24T01:25:58Z,happen
2020-02-24T01:25:30Z,berniesanders
2020-02-24T01:25:30Z,mariannewilliamson
2020-02-24T01:25:30Z,endorsement
2020-02-24T01:25:30Z,word
2020-02-24T01:25:30Z,pete
2020-02-24T01:25:30Z,booty
2020-02-24T01:25:30Z,judge
2020-02-24T01:25:30Z,countering
2020-02-24T01:25:30Z,tomorrow
2020-02-24T01:25:30Z,endorsement
2020-02-24T01:25:30Z,rupaul
2020-02-24T01:25:30Z,kag
2020-02-24T01:25:30Z,kag2020
2020-02-24T01:25:30Z,kag2020landslidevictory
2020-02-24T01:25:05Z,it’s
2020-02-24T01:25:05Z,chrismatthews
2020-02-24T01:25:05Z,gracefully
2020-02-24T01:25:05Z,retire
2020-02-24T01:25:05Z,he’s
2020-02-24T01:25:05Z,loudobbs
2020-02-24T01:25:05Z,senile
2020-02-24T01:25:05Z,fool
2020-02-24T01:25:05Z,refuses
2020-02-24T01:25:05Z,recognize
2020-02-24T01:25:05Z,difference
2020-02-24T01:25:05Z,democraticsocialism
2020-02-24T01:25:05Z,soviet
2020-02-24T01:25:05Z,communism
2020-02-24T01:25:05Z,attacks
2020-02-24T01:25:05Z,berniesanders
2020-02-24T01:25:05Z,ludicrous
2020-02-24T01:24:03Z,mariannewilliamson's
2020-02-24T01:24:03Z,endorsement
2020-02-24T01:24:03Z,berniesanders
2020-02-24T01:24:03Z,surprise
